{"cameraMode":{"drawMode":0,"name":"Shaded","section":"Shading Mode"},"sceneLighting":true,"audioPlay":false,"sceneViewState":{"m_AlwaysRefresh":false,"showFog":true,"showSkybox":true,"showFlares":true,"showImageEffects":true,"showParticleSystems":true,"showVisualEffectGraphs":true,"m_FxEnabled":true},"in2DMode":false,"pivot":{"x":-1.6402366161346436,"y":1.4557276964187623,"z":-3.5203311443328859},"rotation":{"x":-0.08043023198843003,"y":0.8400872349739075,"z":-0.12981241941452027,"w":-0.5205086469650269},"size":4.223933696746826,"orthographic":false}